Time(s),Ch1,Ch2,Ch3,Ch4,Ch5,Ch6,Ch7,Ch8,Ch9,Ch10,Ch11,Ch12,Ch13,Ch14
0.000,0.000000,0.000000,0.000000,0.000000,0.000000,0.000000,0.000000,0.000000,0.000000,0.000000,0.000000,0.000000,0.000000,0.000000
0.000,0.098000,-0.035000,0.028000,-0.033000,0.000000,-0.019000,0.032000,-0.097000,-0.215000,-0.065000,-0.020000,-0.092000,0.000000,-0.076000
0.000,0.000000,-0.035000,-0.034000,-0.033000,-0.033000,-0.019000,0.065000,0.315000,-0.130000,-0.118000,0.065000,-0.061000,0.102000,-0.107000
0.081,0.033000,0.034000,-0.034000,0.033000,-0.033000,-0.019000,0.032000,-0.097000,-0.163000,-0.150000,0.012000,-0.061000,-0.031000,-0.031000
0.139,0.000000,-0.067000,-0.034000,-0.033000,-0.033000,0.097000,0.032000,0.033000,-0.183000,-0.032000,-0.020000,0.000000,-0.031000,-0.044000
0.188,0.066000,-0.067000,-0.034000,0.000000,0.000000,-0.019000,0.000000,0.000000,-0.215000,-0.065000,-0.020000,-0.092000,0.000000,-0.063000
0.252,0.033000,-0.035000,-0.034000,-0.033000,0.098000,0.323000,0.097000,-0.065000,-0.130000,-0.118000,0.098000,-0.092000,0.000000,-0.107000
0.316,0.033000,0.000000,-0.067000,0.133000,-0.033000,-0.019000,0.065000,-0.065000,-0.183000,-0.097000,-0.020000,-0.092000,0.000000,-0.076000
0.373,0.033000,-0.067000,-0.034000,0.100000,-0.033000,0.097000,0.032000,0.033000,-0.183000,-0.032000,-0.020000,-0.061000,-0.031000,-0.076000
0.425,0.033000,-0.035000,-0.034000,0.000000,-0.033000,0.013000,0.000000,-0.065000,-0.183000,-0.118000,-0.020000,0.000000,-0.031000,0.000000
0.507,0.000000,-0.035000,0.033000,0.000000,0.065000,0.013000,0.130000,-0.065000,-0.065000,-0.150000,-0.020000,-0.092000,0.000000,-0.031000
0.557,0.033000,-0.035000,0.000000,-0.033000,0.000000,-0.051000,-0.033000,-0.065000,-0.247000,-0.150000,0.033000,-0.092000,0.040000,-0.076000
0.618,0.033000,0.068000,-0.034000,0.067000,0.000000,0.065000,0.000000,0.000000,-0.215000,-0.118000,-0.020000,-0.092000,0.071000,-0.076000
0.725,0.033000,-0.035000,-0.067000,0.000000,-0.033000,0.000000,0.000000,-0.097000,-0.215000,-0.032000,-0.053000,0.000000,-0.031000,0.000000
0.792,0.164000,-0.035000,0.028000,0.000000,0.065000,0.013000,0.097000,-0.065000,-0.183000,-0.150000,-0.020000,0.031000,-0.031000,-0.107000
0.856,0.033000,0.000000,-0.005000,-0.033000,-0.033000,0.013000,0.000000,-0.097000,-0.130000,-0.118000,0.065000,-0.061000,0.071000,-0.063000
0.913,0.000000,0.068000,-0.005000,0.033000,-0.033000,0.065000,0.000000,-0.065000,-0.215000,-0.118000,-0.020000,-0.092000,-0.062000,-0.063000
0.954,0.033000,-0.035000,-0.034000,-0.033000,-0.033000,-0.051000,0.000000,0.000000,-0.183000,-0.065000,-0.020000,0.031000,-0.031000,0.031000
1.030,0.131000,-0.035000,0.028000,-0.033000,0.065000,0.000000,0.032000,-0.097000,-0.215000,-0.097000,-0.053000,-0.061000,0.000000,-0.107000
1.091,0.066000,-0.035000,-0.034000,0.000000,-0.033000,-0.019000,0.065000,-0.065000,-0.098000,-0.130000,0.065000,-0.061000,0.071000,-0.094000
1.150,0.033000,0.068000,-0.005000,0.033000,-0.033000,0.013000,0.000000,-0.065000,-0.183000,-0.150000,-0.053000,-0.061000,-0.031000,-0.076000
1.201,0.033000,-0.035000,-0.034000,0.000000,-0.033000,0.097000,0.000000,0.033000,-0.215000,0.000000,-0.020000,0.031000,-0.031000,-0.044000
1.289,0.066000,-0.035000,-0.034000,0.067000,-0.033000,-0.051000,0.000000,-0.065000,-0.215000,-0.118000,0.000000,-0.092000,-0.031000,-0.063000
1.375,0.033000,0.000000,-0.034000,0.033000,0.065000,-0.019000,0.097000,-0.065000,-0.098000,-0.097000,0.098000,-0.061000,0.000000,-0.076000
1.383,0.033000,0.034000,-0.034000,0.000000,-0.033000,-0.019000,0.032000,-0.097000,-0.215000,-0.097000,-0.020000,-0.061000,-0.031000,-0.076000
1.461,0.033000,-0.035000,-0.067000,0.067000,-0.066000,0.065000,-0.033000,0.033000,-0.183000,0.033000,-0.020000,-0.031000,-0.031000,-0.076000
1.533,0.098000,-0.035000,-0.034000,-0.033000,-0.033000,0.000000,0.032000,-0.097000,-0.163000,-0.118000,-0.020000,-0.031000,-0.031000,0.000000
1.579,0.000000,0.000000,0.028000,-0.033000,0.065000,0.013000,0.065000,-0.065000,-0.130000,-0.118000,0.012000,-0.092000,-0.031000,-0.031000
1.629,0.000000,0.000000,-0.034000,-0.033000,0.000000,-0.051000,0.032000,-0.065000,-0.215000,-0.150000,0.012000,-0.092000,0.040000,0.031000
1.680,0.033000,0.102000,-0.067000,0.067000,0.000000,0.065000,0.065000,0.033000,-0.215000,-0.097000,-0.020000,-0.092000,0.071000,-0.076000
1.680,0.033000,-0.035000,-0.034000,-0.033000,-0.066000,-0.019000,0.000000,-0.097000,-0.215000,-0.065000,-0.053000,0.000000,-0.031000,0.000000
1.765,0.131000,-0.035000,0.028000,0.000000,0.065000,-0.019000,0.065000,-0.097000,-0.183000,-0.065000,-0.053000,-0.061000,-0.031000,-0.107000
1.840,0.033000,-0.067000,0.000000,-0.033000,-0.033000,0.013000,0.000000,-0.097000,-0.163000,-0.150000,0.065000,-0.092000,0.071000,-0.063000
1.877,0.033000,0.068000,-0.005000,0.033000,-0.033000,0.065000,-0.033000,-0.065000,-0.215000,-0.118000,-0.020000,-0.092000,-0.062000,-0.063000
1.946,0.033000,0.000000,-0.034000,-0.033000,-0.033000,0.013000,0.000000,0.000000,-0.183000,-0.065000,0.325000,0.000000,-0.031000,0.031000
1.997,0.164000,0.034000,0.100000,0.000000,0.033000,0.013000,0.032000,-0.097000,-0.150000,-0.130000,-0.053000,-0.092000,-0.031000,-0.076000
2.055,0.098000,0.000000,0.067000,0.000000,-0.033000,0.032000,0.065000,-0.065000,0.032000,-0.150000,0.065000,-0.061000,0.071000,-0.076000
2.103,0.131000,0.136000,0.167000,0.100000,0.033000,0.129000,0.000000,-0.097000,0.064000,-0.150000,-0.053000,-0.061000,-0.062000,-0.044000
2.164,0.131000,0.034000,0.301000,0.267000,-0.033000,0.291000,-0.033000,0.000000,0.280000,-0.032000,-0.020000,0.000000,-0.062000,0.000000
2.224,0.317000,0.170000,0.633000,0.734000,0.000000,0.258000,0.000000,-0.065000,0.670000,-0.150000,-0.020000,-0.092000,-0.031000,0.000000
2.284,0.349000,0.476000,0.764000,1.463000,0.033000,0.388000,0.227000,0.000000,1.433000,0.000000,0.163000,-0.092000,-0.031000,0.000000
2.366,0.415000,0.102000,0.895000,2.133000,-0.165000,0.667000,0.195000,0.066000,1.948000,-2.734000,-2.826000,-0.092000,-0.031000,0.031000
2.413,0.448000,-0.035000,0.831000,3.043000,-0.288000,1.109000,0.227000,0.282000,2.623000,0.130000,-0.312000,-0.061000,-0.062000,0.000000
2.470,0.480000,0.000000,0.966000,3.450000,-0.320000,1.044000,0.293000,0.315000,2.755000,-0.032000,0.163000,-0.092000,-0.062000,0.063000
2.519,0.448000,0.238000,1.067000,3.382000,-0.165000,1.012000,0.444000,0.282000,2.979000,0.380000,0.521000,-0.123000,-0.031000,0.094000
2.645,0.448000,0.340000,1.169000,3.314000,-0.132000,1.012000,0.346000,0.348000,3.012000,0.347000,0.488000,-0.092000,0.040000,0.031000
2.726,0.480000,0.510000,1.067000,3.280000,-0.099000,1.077000,0.379000,0.380000,3.079000,0.445000,0.423000,-0.092000,0.000000,0.000000
2.803,0.480000,0.442000,1.101000,3.144000,-0.033000,0.959000,0.423000,0.380000,3.079000,0.575000,0.575000,-0.031000,-0.031000,0.063000
2.837,0.579000,0.646000,1.236000,3.043000,0.065000,1.044000,0.477000,0.348000,3.145000,0.510000,0.575000,0.031000,-0.062000,0.063000
2.883,0.448000,0.476000,1.202000,2.975000,-0.033000,1.044000,0.379000,0.380000,3.244000,0.412000,0.607000,-0.123000,0.071000,0.031000
2.946,0.480000,0.612000,1.202000,3.043000,0.000000,1.077000,0.412000,0.413000,3.178000,0.477000,0.673000,-0.092000,-0.031000,0.031000
3.005,0.480000,0.578000,1.199000,2.975000,0.033000,1.012000,0.423000,0.478000,3.211000,0.608000,0.607000,0.000000,0.000000,0.126000
3.083,0.579000,0.544000,1.233000,3.009000,0.065000,1.044000,0.444000,0.413000,3.244000,0.608000,0.640000,-0.092000,0.000000,0.031000
3.139,0.480000,0.510000,1.233000,2.975000,0.033000,1.012000,0.509000,0.413000,3.370000,0.543000,0.738000,-0.061000,0.040000,0.000000
3.191,0.480000,0.544000,1.202000,2.941000,0.000000,1.044000,0.423000,0.413000,3.271000,0.543000,0.673000,-0.061000,-0.062000,0.031000
3.284,0.480000,0.510000,1.236000,2.873000,0.033000,1.109000,0.760000,0.511000,3.271000,0.673000,0.673000,0.000000,-0.062000,0.031000
3.311,0.480000,0.510000,1.199000,2.839000,0.189000,1.012000,0.444000,0.413000,3.337000,0.575000,0.673000,-0.061000,-0.031000,0.000000
3.366,0.448000,0.578000,1.202000,2.941000,0.131000,1.044000,0.542000,0.413000,3.403000,0.575000,0.738000,-0.092000,-0.031000,0.000000
3.446,0.480000,0.544000,1.236000,2.839000,0.000000,1.044000,0.444000,0.413000,3.337000,0.575000,0.640000,-0.061000,-0.031000,0.031000
3.498,0.448000,0.544000,1.538000,2.941000,0.033000,1.174000,0.423000,0.478000,3.403000,0.640000,0.673000,-0.061000,-0.031000,0.031000
3.558,0.480000,0.578000,1.233000,2.839000,0.033000,1.109000,0.444000,0.413000,3.403000,0.575000,0.673000,-0.092000,-0.062000,0.094000
3.635,0.448000,0.544000,1.332000,2.805000,0.131000,1.077000,0.509000,0.413000,3.470000,0.543000,0.673000,-0.092000,0.000000,0.063000
3.635,0.480000,0.578000,1.199000,2.839000,0.065000,1.077000,0.444000,0.413000,3.370000,0.575000,0.640000,-0.092000,0.040000,0.000000
3.669,0.480000,0.681000,1.267000,2.941000,0.131000,1.174000,0.412000,0.478000,3.370000,0.575000,0.640000,-0.061000,0.000000,0.000000
3.724,0.480000,0.544000,1.267000,2.805000,0.033000,1.077000,0.423000,0.413000,3.796000,0.543000,0.640000,0.062000,-0.031000,0.157000
3.805,0.611000,0.681000,1.332000,2.839000,0.131000,1.109000,0.509000,0.380000,3.437000,0.575000,0.673000,-0.061000,-0.062000,0.031000
3.862,0.448000,0.578000,1.267000,2.805000,0.033000,1.109000,0.412000,0.413000,3.403000,0.543000,0.770000,-0.061000,0.040000,0.031000
3.917,0.448000,0.715000,1.233000,2.839000,0.065000,1.174000,0.509000,0.413000,3.403000,0.543000,0.673000,-0.092000,-0.031000,0.000000
3.976,0.448000,0.578000,1.236000,2.771000,0.098000,1.077000,0.423000,0.380000,3.437000,0.673000,0.640000,0.000000,-0.031000,0.094000
4.038,0.513000,0.544000,1.270000,2.805000,0.065000,1.077000,0.423000,0.380000,3.437000,0.575000,0.640000,-0.092000,-0.062000,0.000000
4.090,0.480000,0.612000,1.233000,2.805000,0.033000,1.109000,0.412000,0.413000,3.570000,0.543000,0.770000,-0.061000,0.040000,0.000000
4.174,0.448000,0.612000,1.368000,2.839000,0.033000,1.142000,0.412000,0.413000,3.503000,0.575000,0.673000,-0.092000,-0.031000,0.031000
4.207,0.513000,0.612000,1.301000,2.771000,0.065000,1.109000,0.423000,0.543000,3.470000,0.640000,0.673000,0.000000,-0.062000,0.031000
4.287,0.448000,0.578000,1.267000,2.771000,0.065000,1.109000,0.444000,0.413000,3.503000,0.608000,0.673000,-0.061000,-0.031000,0.000000
4.361,0.480000,0.612000,1.267000,2.805000,0.033000,1.109000,0.542000,0.413000,3.570000,0.575000,0.705000,-0.092000,-0.031000,0.000000
4.392,0.448000,0.612000,1.236000,2.771000,0.033000,1.109000,0.444000,0.413000,3.503000,0.543000,0.640000,-0.061000,-0.062000,0.000000
4.456,0.546000,0.510000,1.233000,2.737000,0.033000,1.240000,0.390000,0.445000,3.503000,0.608000,0.640000,-0.061000,-0.031000,0.031000
4.573,0.448000,0.510000,1.267000,2.771000,0.065000,1.109000,0.412000,0.445000,3.503000,0.543000,0.673000,-0.092000,-0.031000,0.126000
4.626,0.448000,0.544000,1.199000,2.771000,0.197000,1.142000,0.509000,0.413000,3.536000,0.543000,0.640000,-0.092000,0.000000,0.031000
4.709,0.448000,0.544000,1.233000,2.805000,0.033000,1.174000,0.444000,0.445000,3.470000,0.673000,0.607000,-0.092000,0.102000,0.000000
4.762,0.480000,0.510000,1.470000,2.873000,0.033000,1.240000,0.444000,0.445000,3.503000,0.543000,0.607000,-0.061000,-0.031000,0.031000
4.822,0.448000,0.510000,1.233000,2.737000,0.065000,1.142000,0.444000,0.380000,3.603000,0.510000,0.607000,0.031000,-0.062000,0.126000
4.865,0.448000,0.510000,1.301000,2.737000,0.065000,1.142000,0.509000,0.413000,3.503000,0.510000,0.640000,-0.092000,-0.062000,0.063000
4.931,0.448000,0.544000,1.233000,2.771000,0.065000,1.207000,0.412000,0.413000,3.536000,0.510000,0.738000,-0.092000,0.071000,0.063000
5.013,0.448000,0.578000,1.233000,2.771000,0.197000,1.207000,0.412000,0.413000,3.503000,0.543000,0.607000,-0.092000,-0.031000,0.000000
5.054,0.480000,0.510000,1.267000,2.771000,0.098000,1.142000,0.444000,0.413000,3.503000,0.640000,0.607000,0.031000,0.000000,0.063000
5.135,0.513000,0.510000,1.236000,2.805000,0.098000,1.142000,0.412000,0.380000,3.536000,0.771000,0.575000,-0.061000,-0.031000,0.000000
5.180,0.602000,0.544000,1.267000,2.839000,0.033000,1.174000,0.412000,0.380000,3.636000,0.543000,0.673000,-0.061000,0.040000,0.031000
5.230,0.448000,0.476000,1.366000,2.805000,0.065000,1.174000,0.412000,0.413000,3.503000,0.510000,0.607000,-0.092000,-0.062000,0.031000
5.306,0.546000,0.510000,1.301000,2.771000,0.098000,1.142000,0.423000,0.511000,3.863000,0.575000,0.575000,-0.031000,-0.031000,0.063000
5.364,0.448000,0.544000,1.199000,2.771000,0.098000,1.142000,0.444000,0.413000,3.536000,0.477000,0.607000,-0.061000,-0.031000,0.031000
5.418,0.448000,0.578000,1.233000,2.839000,0.033000,1.142000,0.542000,0.380000,3.603000,0.477000,0.607000,-0.092000,-0.031000,0.000000
5.487,0.448000,0.476000,1.236000,2.771000,0.033000,1.174000,0.770000,0.445000,3.536000,0.477000,0.521000,-0.061000,-0.031000,0.031000
5.529,0.546000,0.510000,1.233000,2.771000,0.065000,1.272000,0.423000,0.478000,3.536000,0.445000,0.510000,-0.092000,-0.031000,0.031000
5.529,0.448000,0.510000,1.267000,3.075000,0.098000,1.174000,0.444000,0.413000,3.570000,0.380000,0.488000,-0.092000,-0.031000,0.126000
5.590,0.448000,0.510000,1.233000,2.771000,0.131000,1.142000,0.509000,0.445000,3.503000,0.347000,0.444000,-0.092000,0.000000,0.000000
5.650,0.448000,0.544000,1.233000,2.771000,0.420000,1.174000,0.444000,0.478000,3.470000,0.261000,0.260000,-0.092000,0.102000,0.000000
5.721,0.448000,0.510000,1.233000,2.907000,0.065000,1.174000,0.444000,0.380000,3.470000,-0.130000,-0.117000,-0.061000,-0.031000,0.000000
5.779,0.448000,0.817000,1.233000,2.737000,0.131000,1.142000,0.509000,0.413000,3.503000,-1.224000,-1.061000,0.031000,-0.031000,0.094000
5.839,0.415000,0.510000,1.301000,2.771000,0.065000,1.142000,0.477000,0.413000,3.403000,-0.656000,-0.591000,-0.092000,-0.031000,0.031000
5.905,0.415000,0.544000,1.233000,2.805000,0.131000,1.174000,0.412000,0.413000,3.403000,-0.032000,0.228000,-0.123000,0.040000,0.000000
5.944,0.415000,0.544000,1.199000,2.805000,0.098000,1.109000,0.444000,0.413000,3.437000,0.065000,0.130000,-0.031000,0.000000,0.000000
6.010,0.448000,0.476000,1.267000,2.771000,0.164000,1.109000,0.444000,0.380000,3.403000,0.163000,0.130000,0.000000,-0.062000,0.063000
6.089,0.448000,0.476000,1.236000,2.975000,0.065000,1.109000,0.412000,0.413000,3.437000,-0.032000,0.065000,-0.061000,-0.031000,0.000000
6.141,0.415000,0.544000,1.236000,2.839000,0.065000,1.142000,0.412000,0.413000,3.536000,-0.247000,-0.085000,-0.092000,0.000000,0.031000
6.223,0.415000,0.476000,1.236000,2.771000,0.098000,1.109000,0.770000,0.478000,3.403000,-0.591000,-0.558000,-0.031000,-0.062000,0.031000
6.250,0.513000,0.510000,1.301000,2.771000,0.098000,1.109000,0.444000,0.511000,3.403000,-1.435000,-1.434000,-0.092000,-0.031000,0.031000
6.328,0.415000,0.510000,1.199000,2.771000,0.065000,1.109000,0.477000,0.413000,3.437000,-2.222000,0.163000,-0.092000,-0.031000,0.000000
6.392,0.415000,0.578000,1.202000,2.805000,0.065000,1.109000,0.575000,0.413000,3.470000,0.033000,0.195000,-0.092000,0.009000,0.031000
6.483,0.415000,0.476000,1.236000,2.771000,0.065000,1.142000,0.760000,0.445000,3.403000,0.065000,0.098000,-0.061000,-0.062000,0.031000
6.570,0.480000,0.476000,1.199000,2.771000,0.065000,1.207000,0.412000,0.445000,3.370000,0.033000,0.163000,-0.092000,-0.062000,0.031000
6.657,0.415000,0.510000,1.199000,3.075000,0.131000,1.109000,0.477000,0.445000,3.437000,0.065000,0.130000,-0.092000,-0.031000,0.000000
6.667,0.415000,0.578000,1.199000,2.771000,0.164000,1.109000,0.542000,0.413000,3.403000,0.098000,0.163000,-0.092000,-0.031000,0.031000
6.749,0.415000,0.476000,1.233000,2.839000,0.065000,1.174000,0.444000,0.511000,3.370000,0.065000,0.130000,-0.092000,-0.062000,0.031000
6.790,0.448000,0.476000,1.233000,2.839000,0.098000,1.142000,0.444000,0.380000,3.370000,0.033000,0.130000,-0.061000,-0.062000,0.000000
6.847,0.415000,0.852000,1.301000,2.771000,0.164000,1.142000,0.509000,0.413000,3.403000,0.000000,0.098000,-0.092000,-0.062000,0.094000
6.928,0.415000,0.510000,1.301000,2.771000,0.131000,1.109000,0.477000,0.445000,3.370000,0.000000,0.130000,-0.092000,-0.031000,0.031000
6.989,0.382000,0.578000,1.233000,2.839000,0.098000,1.207000,0.412000,0.445000,3.370000,0.000000,0.065000,-0.092000,0.040000,0.000000
7.046,0.415000,0.578000,1.267000,2.839000,0.098000,1.109000,0.477000,0.413000,3.370000,-0.032000,0.033000,-0.061000,-0.031000,0.063000
7.122,0.480000,0.476000,1.301000,2.805000,0.197000,1.109000,0.477000,0.445000,3.370000,-0.065000,0.033000,-0.031000,-0.062000,0.031000
7.149,0.480000,0.476000,1.267000,2.771000,0.098000,1.142000,0.444000,0.478000,3.403000,-0.065000,0.033000,-0.061000,0.000000,0.031000
7.229,0.382000,0.578000,1.233000,2.873000,0.098000,1.272000,0.444000,0.445000,3.370000,-0.118000,-0.032000,-0.092000,-0.031000,0.063000
7.276,0.415000,0.476000,1.233000,2.771000,0.131000,1.109000,0.423000,0.478000,3.337000,-0.097000,-0.053000,-0.031000,0.000000,0.031000
7.338,0.513000,0.544000,1.301000,2.771000,0.098000,1.109000,0.444000,0.413000,3.337000,-0.150000,-0.117000,-0.092000,-0.031000,0.000000
7.386,0.415000,0.476000,1.233000,2.805000,0.098000,1.109000,0.509000,0.413000,3.403000,-0.150000,-0.020000,-0.092000,0.030000,0.031000
7.466,0.415000,0.544000,1.236000,2.805000,0.065000,1.109000,0.444000,0.413000,3.403000,-0.280000,-0.280000,-0.061000,-0.062000,0.031000
7.466,0.415000,0.476000,1.267000,2.771000,0.098000,1.174000,0.444000,0.511000,3.403000,-0.345000,-0.377000,-0.061000,-0.031000,0.031000
7.522,0.513000,0.510000,1.267000,2.771000,0.098000,1.109000,0.444000,0.478000,3.370000,-0.591000,-0.558000,-0.092000,-0.031000,0.063000
7.571,0.415000,0.510000,1.267000,2.771000,0.197000,1.109000,0.509000,0.445000,3.437000,-0.850000,-0.752000,-0.092000,0.000000,0.063000
7.653,0.415000,0.510000,1.233000,2.839000,0.164000,1.109000,0.542000,0.413000,3.370000,-1.095000,-0.461000,-0.092000,0.000000,0.031000
7.708,0.448000,0.510000,1.233000,2.873000,0.098000,1.207000,0.477000,0.543000,3.370000,-0.559000,-0.526000,-0.092000,-0.031000,0.000000
7.755,0.448000,0.476000,1.199000,2.771000,0.098000,1.142000,0.412000,0.413000,3.370000,-0.591000,-0.526000,-0.061000,-0.062000,0.031000
7.809,0.415000,0.476000,1.301000,2.771000,0.197000,1.174000,0.542000,0.445000,3.403000,-0.474000,-0.377000,-0.092000,-0.031000,0.094000
7.893,0.382000,0.476000,1.233000,2.805000,0.131000,1.109000,0.477000,0.445000,3.370000,-0.559000,-0.494000,-0.092000,0.000000,0.031000
7.936,0.382000,0.578000,1.233000,2.873000,0.131000,1.207000,0.444000,0.445000,3.370000,-0.591000,-0.558000,-0.092000,0.040000,0.000000
7.985,0.415000,0.442000,1.233000,2.771000,0.065000,1.109000,0.477000,0.445000,3.337000,-0.572000,-0.655000,-0.031000,-0.031000,0.094000
8.042,0.546000,0.476000,1.301000,2.805000,0.197000,1.142000,0.477000,0.413000,3.370000,-0.656000,-0.623000,-0.061000,-0.031000,0.031000
8.117,0.480000,0.476000,1.301000,2.771000,0.098000,1.142000,0.444000,0.413000,3.403000,-0.656000,-0.558000,-0.061000,0.040000,0.000000
8.173,0.415000,0.578000,1.267000,2.873000,0.131000,1.174000,0.444000,0.445000,3.370000,-0.785000,-0.720000,-0.092000,0.000000,0.031000
8.254,0.415000,0.476000,1.233000,2.805000,0.131000,1.142000,0.444000,0.478000,3.370000,-0.785000,-0.784000,0.000000,-0.031000,0.126000
8.287,0.513000,0.510000,1.301000,2.805000,0.098000,1.142000,0.477000,0.413000,3.370000,-1.030000,-1.029000,-0.092000,0.000000,0.000000
8.443,0.448000,0.476000,1.267000,2.805000,0.098000,1.109000,0.542000,0.445000,3.503000,-1.191000,-0.933000,-0.061000,0.071000,0.031000
8.466,0.415000,0.578000,1.233000,2.839000,0.098000,1.142000,0.444000,0.413000,3.470000,-1.095000,-1.061000,-0.061000,-0.062000,0.031000
8.534,0.415000,0.476000,1.267000,2.771000,0.098000,1.207000,0.444000,0.511000,3.403000,-0.947000,-0.933000,0.000000,-0.062000,0.031000
8.600,0.513000,0.476000,1.233000,2.771000,0.098000,1.109000,0.444000,0.445000,3.370000,-1.159000,-0.997000,-0.092000,-0.031000,0.094000
8.690,0.448000,0.578000,1.233000,2.771000,0.197000,1.142000,0.542000,0.413000,3.470000,-1.063000,-0.900000,-0.092000,0.000000,0.000000
8.729,0.415000,0.783000,1.267000,2.805000,0.098000,1.142000,0.477000,0.445000,3.377000,-1.030000,-1.029000,-0.092000,-0.031000,0.031000
8.806,0.448000,0.510000,1.199000,2.873000,0.098000,1.207000,0.477000,0.543000,3.370000,-0.998000,-1.126000,-0.092000,-0.062000,0.000000
8.832,0.415000,0.476000,1.267000,2.771000,0.098000,1.142000,0.444000,0.445000,3.370000,-1.224000,-1.126000,-0.061000,-0.062000,0.031000
8.912,0.415000,0.476000,1.335000,2.771000,0.197000,1.142000,0.575000,0.413000,3.470000,-1.063000,-1.029000,-0.092000,-0.031000,0.126000
8.959,0.415000,0.476000,1.199000,2.771000,0.098000,1.109000,0.423000,0.445000,3.403000,-1.095000,-0.997000,-0.123000,0.000000,0.000000
9.040,0.415000,0.578000,1.199000,2.839000,0.098000,1.207000,0.444000,0.511000,3.370000,-1.191000,-1.158000,-0.092000,0.009000,0.031000
9.072,0.415000,0.442000,1.199000,2.771000,0.098000,1.109000,0.836000,0.478000,3.370000,-1.095000,-1.126000,-0.061000,-0.031000,0.063000
9.154,0.513000,0.476000,1.301000,2.805000,0.197000,1.174000,0.542000,0.413000,3.403000,-1.159000,-1.094000,0.031000,-0.062000,0.031000
9.203,0.415000,0.476000,1.233000,2.771000,0.098000,1.142000,0.444000,0.413000,3.437000,-1.127000,-1.061000,-0.061000,0.000000,0.000000
9.260,0.382000,0.544000,1.233000,2.873000,0.098000,1.207000,0.423000,0.445000,3.437000,-1.191000,-1.126000,-0.092000,-0.062000,0.000000
9.310,0.415000,0.510000,1.199000,2.771000,0.098000,1.109000,0.423000,0.511000,3.730000,-1.127000,-1.190000,-0.031000,-0.031000,0.094000
9.394,0.480000,0.510000,1.267000,2.771000,0.131000,1.207000,0.444000,0.413000,3.370000,-1.191000,-1.305000,-0.061000,-0.031000,0.031000
9.394,0.415000,0.476000,1.236000,2.839000,0.098000,1.109000,0.542000,0.445000,3.437000,-1.320000,-1.241000,-0.092000,0.040000,-0.031000
9.441,0.382000,0.578000,1.236000,2.805000,0.098000,1.142000,0.412000,0.380000,3.370000,-1.352000,-1.305000,-0.092000,-0.062000,0.000000
9.534,0.382000,0.442000,1.236000,2.771000,0.065000,1.207000,0.792000,0.511000,3.370000,-1.224000,-1.305000,0.031000,-0.062000,0.031000
9.557,0.448000,0.476000,1.233000,2.737000,0.098000,1.337000,0.423000,0.445000,3.337000,-1.403000,-1.305000,-0.092000,-0.031000,0.063000
9.636,0.415000,0.510000,1.199000,2.771000,0.222000,1.142000,0.542000,0.445000,3.437000,-1.435000,-1.369000,-0.123000,0.000000,0.000000
9.681,0.415000,0.476000,1.301000,2.771000,0.098000,1.109000,0.444000,0.413000,3.370000,-1.596000,-1.466000,-0.092000,0.000000,0.000000
9.745,0.546000,0.442000,1.199000,2.873000,0.065000,1.240000,0.444000,0.511000,3.370000,-1.467000,-1.498000,-0.092000,-0.062000,0.000000
9.785,0.382000,0.442000,1.236000,2.771000,0.098000,1.174000,0.444000,0.413000,3.370000,-1.724000,-1.676000,-0.031000,-0.062000,0.094000
9.876,0.382000,0.476000,1.301000,2.771000,0.197000,1.142000,0.509000,0.445000,3.437000,-1.692000,-1.626000,-0.092000,-0.062000,0.063000
9.929,0.415000,0.476000,1.436000,2.771000,0.098000,1.142000,0.423000,0.445000,3.337000,-1.806000,-1.708000,-0.123000,0.040000,0.000000
9.981,0.448000,0.612000,1.233000,2.839000,0.098000,1.240000,0.444000,0.478000,3.370000,-1.660000,-1.676000,-0.092000,0.000000,0.000000
10.049,0.415000,0.476000,1.236000,2.805000,0.098000,1.142000,0.477000,0.445000,3.370000,-1.596000,-1.401000,0.000000,-0.031000,0.126000
10.096,0.513000,0.442000,1.267000,2.771000,0.164000,1.109000,0.509000,0.413000,3.370000,-1.435000,-1.401000,-0.061000,-0.062000,0.000000
10.176,0.382000,0.442000,1.236000,2.771000,0.065000,1.142000,0.412000,0.413000,3.470000,-1.467000,-1.222000,-0.092000,0.040000,0.000000
10.231,0.382000,0.578000,1.233000,2.839000,0.098000,1.207000,0.412000,0.445000,3.337000,-1.467000,-1.401000,-0.092000,-0.062000,0.031000
10.348,0.382000,0.510000,1.199000,2.737000,0.131000,1.109000,0.423000,0.511000,3.370000,-1.352000,-1.434000,-0.031000,-0.031000,0.094000
10.399,0.480000,0.476000,1.301000,2.737000,0.065000,1.109000,0.444000,0.413000,3.337000,-1.435000,-1.498000,-0.123000,-0.031000,0.031000
10.458,0.415000,0.476000,1.236000,2.771000,0.065000,1.109000,0.575000,0.413000,3.470000,-1.435000,-1.255000,-0.092000,0.040000,-0.031000
10.518,0.415000,0.544000,1.202000,2.805000,0.065000,1.142000,0.444000,0.413000,3.370000,-1.320000,-1.305000,0.197000,-0.062000,0.000000
10.575,0.448000,0.476000,1.470000,2.771000,0.065000,1.240000,0.423000,0.511000,3.337000,-1.256000,-1.401000,-0.031000,-0.062000,0.031000
10.640,0.415000,0.476000,1.267000,2.771000,0.098000,1.109000,0.444000,0.445000,3.337000,-1.256000,-0.900000,-0.123000,-0.062000,-0.031000
10.692,0.415000,0.476000,1.236000,2.771000,0.222000,1.109000,0.542000,0.413000,3.437000,-1.224000,-1.158000,-0.092000,0.000000,-0.031000
10.750,0.415000,0.442000,1.199000,2.805000,0.065000,1.109000,0.444000,0.413000,3.337000,-1.224000,-2.028000,-0.092000,-0.062000,0.000000
10.819,0.415000,0.442000,1.504000,2.873000,0.065000,1.240000,0.444000,0.478000,3.370000,-1.724000,-1.868000,-0.092000,-0.062000,0.000000
10.885,0.415000,0.476000,1.267000,2.771000,0.098000,1.142000,0.444000,0.445000,3.370000,-2.399000,-2.364000,-0.123000,-0.031000,0.126000
10.953,0.382000,0.442000,1.335000,2.771000,0.131000,1.109000,0.477000,0.511000,3.403000,-2.558000,-2.524000,-0.092000,-0.062000,0.000000
10.994,0.415000,0.476000,1.199000,2.771000,0.098000,1.142000,0.477000,0.445000,3.370000,-2.431000,-2.508000,-0.123000,0.071000,0.000000
11.079,0.382000,0.578000,1.199000,2.839000,0.098000,1.207000,0.444000,0.445000,3.337000,-2.462000,-2.508000,-0.092000,0.000000,0.000000
11.130,0.448000,0.476000,1.233000,2.771000,0.131000,1.109000,0.477000,0.413000,3.370000,-2.367000,-2.540000,0.031000,-0.062000,0.094000
11.180,0.513000,0.476000,1.304000,2.737000,0.098000,1.142000,0.444000,0.609000,3.403000,-2.462000,-2.636000,-0.061000,-0.031000,0.000000
11.238,0.415000,0.510000,1.301000,2.805000,0.065000,1.174000,0.444000,0.696000,3.503000,-2.462000,-2.396000,-0.092000,0.040000,0.031000
11.314,0.415000,0.510000,1.301000,2.737000,0.131000,1.240000,0.444000,0.478000,3.370000,-2.126000,-1.996000,-0.092000,-0.031000,0.031000
11.314,0.448000,0.476000,1.267000,2.703000,0.098000,1.109000,0.444000,0.543000,3.370000,-1.788000,-1.868000,-0.031000,-0.031000,0.063000
11.373,0.448000,0.578000,1.267000,2.737000,0.098000,1.109000,0.477000,0.413000,3.370000,-1.998000,-2.205000,-0.092000,-0.031000,0.031000
11.425,0.448000,0.544000,1.267000,2.737000,0.098000,1.142000,0.607000,0.413000,3.470000,-1.902000,-1.530000,-0.061000,0.040000,0.031000
11.484,0.415000,0.476000,1.267000,2.703000,0.098000,1.240000,0.444000,0.413000,3.403000,-1.838000,-1.804000,-0.061000,-0.031000,0.031000
11.554,0.480000,0.476000,1.267000,2.737000,0.065000,1.305000,0.444000,0.511000,3.370000,-1.724000,-1.676000,-0.061000,-0.062000,0.031000
11.598,0.415000,0.681000,1.267000,2.703000,0.098000,1.109000,0.444000,0.445000,3.403000,-1.870000,-1.804000,-0.092000,0.000000,0.031000
11.682,0.415000,0.476000,1.233000,2.703000,0.197000,1.142000,0.575000,0.478000,3.437000,-1.788000,-1.676000,-0.092000,-0.031000,0.000000
11.718,0.415000,0.442000,1.233000,2.737000,0.098000,1.142000,0.477000,0.445000,3.370000,-1.660000,-1.498000,-0.092000,-0.062000,0.000000
11.778,0.415000,0.442000,1.267000,2.805000,0.065000,1.207000,0.423000,0.478000,3.370000,-1.467000,-1.562000,-0.092000,-0.062000,0.000000
11.860,0.382000,0.442000,1.233000,2.703000,0.131000,1.142000,0.477000,0.413000,3.370000,-1.692000,-1.466000,-0.123000,-0.031000,0.126000
11.905,0.382000,0.783000,1.335000,2.703000,0.131000,1.109000,0.477000,0.445000,3.403000,-1.435000,-1.369000,-0.092000,-0.062000,0.031000
11.963,0.415000,0.476000,1.199000,2.703000,0.131000,1.142000,0.444000,0.827000,3.370000,-1.435000,-1.466000,-0.092000,0.102000,0.000000
12.025,0.415000,0.544000,1.199000,2.771000,0.065000,1.174000,0.477000,0.478000,3.370000,-1.499000,-1.158000,-0.092000,0.000000,0.000000
12.097,0.448000,0.442000,1.267000,2.703000,0.131000,1.109000,0.444000,0.445000,3.370000,-0.882000,-0.687000,0.031000,-0.031000,0.094000
12.148,0.513000,0.715000,1.301000,2.669000,0.065000,1.142000,0.444000,0.380000,3.403000,-0.753000,-0.655000,-0.092000,-0.031000,0.031000
12.256,0.382000,0.476000,1.233000,2.771000,0.065000,1.142000,0.444000,0.445000,3.337000,-0.539000,-0.409000,-0.092000,0.040000,0.031000
12.342,0.415000,0.476000,1.233000,2.703000,0.131000,1.142000,0.444000,0.445000,3.370000,-0.656000,-0.558000,-0.092000,-0.031000,0.031000
12.384,0.448000,0.442000,1.267000,2.703000,0.098000,1.109000,0.477000,0.413000,3.370000,-0.215000,-0.247000,0.000000,-0.031000,0.063000
12.472,0.415000,0.442000,1.267000,2.703000,0.065000,1.109000,0.444000,0.445000,3.370000,-0.345000,-0.312000,-0.092000,-0.031000,0.000000
12.516,0.415000,0.544000,1.199000,2.737000,0.065000,1.142000,0.444000,0.794000,3.536000,-0.377000,-0.247000,-0.061000,0.040000,0.000000
12.576,0.415000,0.442000,1.233000,2.669000,0.065000,1.142000,0.444000,0.445000,3.370000,-0.410000,-0.344000,-0.061000,-0.062000,0.031000
12.618,0.480000,0.442000,1.233000,2.703000,0.065000,1.109000,0.444000,0.511000,3.370000,-0.377000,-0.377000,-0.031000,-0.031000,0.031000
12.706,0.415000,0.681000,1.267000,2.703000,0.098000,1.109000,0.444000,0.445000,3.403000,-0.442000,-0.344000,-0.092000,-0.031000,0.000000
12.753,0.415000,0.476000,1.233000,2.737000,0.098000,1.109000,0.575000,0.696000,3.470000,-0.280000,-0.247000,-0.092000,0.000000,0.000000
12.832,0.415000,0.442000,1.233000,2.737000,0.065000,1.142000,0.477000,0.478000,3.403000,-0.410000,-0.377000,-0.061000,-0.031000,0.000000
12.864,0.415000,0.442000,1.267000,2.703000,0.065000,1.207000,0.444000,0.478000,3.403000,-0.377000,-0.377000,-0.061000,-0.062000,0.031000
12.921,0.415000,0.442000,1.267000,2.703000,0.098000,1.142000,0.509000,0.445000,3.403000,-0.442000,-0.377000,-0.092000,-0.062000,0.157000
12.978,0.415000,0.442000,1.233000,2.703000,0.131000,1.109000,0.542000,0.478000,3.370000,-0.442000,-0.377000,-0.092000,-0.031000,0.000000
13.053,0.382000,0.510000,1.267000,2.737000,0.098000,1.207000,0.477000,0.511000,3.370000,-0.442000,-0.429000,-0.092000,0.102000,0.000000
13.097,0.448000,0.442000,1.267000,2.805000,0.065000,1.142000,0.477000,0.413000,3.370000,-0.474000,-0.461000,-0.092000,-0.031000,0.000000
13.180,0.448000,0.783000,1.267000,2.737000,0.164000,1.109000,0.509000,0.445000,3.403000,-0.559000,-0.494000,0.031000,-0.062000,0.094000
13.234,0.415000,0.407000,1.267000,2.703000,0.131000,1.337000,0.477000,0.664000,3.403000,-0.559000,-0.494000,-0.061000,-0.031000,0.031000
13.234,0.415000,0.476000,1.267000,2.771000,0.098000,1.142000,0.444000,0.445000,3.370000,-0.559000,-0.344000,-0.092000,0.040000,0.031000
13.289,0.415000,0.442000,1.267000,2.669000,0.098000,1.109000,0.444000,0.445000,3.370000,-0.507000,-0.461000,-0.092000,0.000000,0.063000
13.362,0.480000,0.442000,1.301000,2.703000,0.065000,1.109000,0.477000,0.413000,3.370000,-0.442000,-0.494000,-0.061000,-0.031000,0.063000
13.405,0.480000,0.408000,1.267000,2.771000,0.098000,1.109000,0.477000,0.445000,3.403000,-0.507000,-0.720000,-0.092000,0.000000,0.000000
13.471,0.415000,0.510000,1.267000,2.737000,0.065000,1.142000,0.444000,0.794000,3.503000,-0.817000,-0.720000,-0.061000,0.040000,0.000000
13.544,0.382000,0.408000,1.267000,2.669000,0.033000,1.174000,0.444000,0.445000,3.403000,-0.753000,-0.752000,-0.031000,-0.062000,0.031000
13.595,0.480000,0.442000,1.267000,2.703000,0.065000,1.109000,0.444000,0.478000,3.370000,-0.785000,-0.784000,-0.123000,-0.062000,0.031000
13.646,0.415000,0.442000,1.267000,2.669000,0.098000,1.109000,0.477000,0.413000,3.403000,-0.688000,-0.558000,-0.123000,0.000000,0.031000
13.698,0.415000,0.442000,1.233000,2.669000,0.033000,1.109000,0.509000,0.413000,3.403000,-0.721000,-0.687000,-0.123000,0.000000,0.000000
13.779,0.415000,0.442000,1.233000,2.737000,0.065000,1.142000,0.477000,0.478000,3.403000,-0.656000,-0.623000,-0.092000,-0.062000,0.000000
13.844,0.415000,0.442000,1.233000,2.703000,0.065000,1.174000,0.412000,0.478000,3.403000,-0.721000,-0.655000,-0.061000,-0.062000,0.031000
13.874,0.382000,0.408000,1.301000,2.669000,0.131000,1.142000,0.509000,0.445000,3.437000,-0.753000,-0.623000,-0.123000,-0.031000,0.126000
13.939,0.382000,0.442000,1.233000,2.669000,0.131000,1.142000,0.509000,0.413000,3.337000,-0.721000,-0.655000,-0.123000,-0.031000,0.000000
13.998,0.415000,0.476000,1.267000,2.737000,0.098000,1.207000,0.444000,0.478000,3.370000,-0.753000,-0.687000,-0.092000,0.071000,0.000000
14.058,0.415000,0.442000,1.233000,2.737000,0.065000,1.109000,0.477000,0.413000,3.730000,-0.721000,-0.687000,-0.061000,-0.062000,0.031000
14.182,0.448000,0.476000,1.301000,2.703000,0.164000,1.142000,0.542000,0.413000,3.403000,-0.785000,-0.720000,-0.031000,-0.031000,0.063000
14.237,0.382000,0.407000,1.301000,2.669000,0.098000,1.142000,0.444000,0.413000,3.403000,-0.785000,-0.687000,-0.123000,-0.031000,0.031000
14.333,0.382000,0.510000,1.267000,2.771000,0.065000,1.207000,0.444000,0.445000,3.370000,-0.785000,-0.655000,-0.092000,0.000000,0.157000
14.368,0.415000,0.442000,1.233000,2.737000,0.098000,1.109000,0.423000,0.478000,3.370000,-0.688000,-0.720000,-0.031000,-0.031000,0.094000
14.424,0.513000,0.510000,1.332000,2.703000,0.164000,1.109000,0.477000,0.413000,3.370000,-0.721000,-0.720000,-0.061000,-0.031000,0.000000
14.472,0.415000,0.408000,1.267000,3.009000,0.065000,1.109000,0.477000,0.413000,3.437000,-0.785000,-0.655000,-0.031000,0.040000,0.000000
14.538,0.415000,0.544000,1.301000,2.771000,0.065000,1.142000,0.412000,0.413000,3.437000,-0.688000,-0.655000,-0.092000,-0.031000,0.000000
14.621,0.382000,0.408000,1.535000,2.703000,0.065000,1.174000,0.444000,0.478000,3.370000,-0.656000,-0.623000,0.000000,-0.062000,0.031000
14.667,0.513000,0.476000,1.301000,2.669000,0.065000,1.109000,0.423000,0.478000,3.370000,-0.753000,-0.442000,-0.092000,-0.062000,0.000000
14.720,0.382000,0.783000,1.267000,2.703000,0.131000,1.109000,0.509000,0.413000,3.470000,-0.559000,-0.442000,-0.123000,-0.031000,0.000000
14.814,0.382000,0.476000,1.233000,2.703000,0.065000,1.109000,0.542000,0.445000,3.403000,-0.507000,-0.429000,-0.092000,-0.062000,0.000000
14.841,0.382000,0.374000,1.199000,2.737000,0.065000,1.174000,0.423000,0.511000,3.370000,-0.377000,-0.429000,-0.092000,-0.062000,0.000000
14.919,0.448000,0.476000,1.267000,2.669000,0.065000,1.142000,0.412000,0.413000,3.370000,-0.507000,-0.429000,-0.123000,-0.062000,0.031000
14.973,0.382000,0.408000,1.332000,2.669000,0.164000,1.109000,0.542000,0.445000,3.470000,-0.507000,-0.247000,-0.123000,-0.031000,0.126000
15.048,0.382000,0.646000,1.267000,2.669000,0.098000,1.109000,0.423000,0.445000,3.370000,-0.345000,-0.312000,-0.092000,0.000000,0.000000
15.087,0.382000,0.510000,1.236000,2.771000,0.065000,1.207000,0.444000,0.511000,3.370000,-0.312000,-0.312000,-0.123000,0.009000,0.000000
15.161,0.382000,0.408000,1.233000,2.737000,0.098000,1.174000,0.477000,0.413000,3.370000,-0.345000,-0.344000,-0.061000,-0.062000,0.063000
15.161,0.480000,0.407000,1.335000,2.669000,0.164000,1.109000,0.509000,0.413000,3.470000,-0.345000,-0.280000,0.000000,-0.062000,0.063000
15.213,0.382000,0.476000,1.301000,2.669000,0.065000,1.142000,0.444000,0.413000,3.370000,-0.312000,-0.150000,-0.092000,0.040000,0.031000
15.269,0.382000,0.510000,1.233000,2.771000,0.098000,1.207000,0.477000,0.413000,3.370000,-0.312000,-0.182000,-0.123000,-0.031000,0.000000
15.322,0.415000,0.442000,1.233000,2.703000,0.453000,1.142000,0.444000,0.413000,3.370000,-0.215000,-0.215000,-0.031000,-0.031000,0.126000
15.435,0.480000,0.407000,1.301000,2.703000,0.164000,1.109000,0.477000,0.413000,3.370000,-0.183000,-0.215000,-0.061000,-0.031000,0.031000
15.476,0.415000,0.407000,1.267000,2.703000,0.065000,1.109000,0.542000,0.413000,3.470000,-0.247000,-0.085000,-0.092000,0.040000,0.000000
15.513,0.415000,0.476000,1.267000,2.771000,0.065000,1.142000,0.444000,0.609000,3.437000,-0.215000,-0.117000,-0.061000,-0.062000,0.031000
15.567,0.415000,0.408000,1.267000,2.703000,0.065000,1.207000,0.738000,0.511000,3.370000,-0.032000,-0.053000,0.000000,-0.062000,0.031000
15.629,0.480000,0.442000,1.267000,2.703000,0.098000,1.109000,0.444000,0.478000,3.370000,-0.118000,-0.053000,-0.061000,-0.031000,0.000000
15.677,0.382000,0.442000,1.267000,2.703000,0.197000,1.109000,0.575000,0.445000,3.470000,-0.065000,0.065000,-0.092000,0.000000,0.000000
15.764,0.415000,0.442000,1.233000,2.703000,0.065000,1.109000,0.509000,0.413000,3.370000,-0.065000,-0.020000,-0.092000,-0.062000,0.031000
15.806,0.382000,0.442000,1.233000,2.771000,0.065000,1.240000,0.444000,0.543000,3.403000,0.065000,-0.020000,-0.061000,-0.062000,0.000000
15.860,0.448000,0.408000,1.267000,2.703000,0.065000,1.174000,0.412000,0.445000,3.403000,-0.032000,0.012000,-0.092000,-0.062000,0.063000
15.943,0.382000,0.407000,1.332000,2.703000,0.197000,1.109000,0.542000,0.445000,3.470000,-0.065000,0.033000,-0.123000,-0.031000,0.063000
16.000,0.382000,0.407000,1.233000,2.703000,0.065000,1.109000,0.444000,0.445000,3.370000,-0.032000,0.033000,-0.092000,0.009000,0.000000
16.150,0.415000,0.510000,1.236000,2.805000,0.065000,1.240000,0.477000,0.511000,3.403000,-0.065000,-0.053000,-0.092000,0.000000,0.000000
16.160,0.415000,0.408000,1.233000,2.737000,0.065000,1.109000,0.509000,0.413000,3.403000,-0.118000,-0.053000,0.000000,-0.031000,0.094000
16.237,0.480000,0.407000,1.301000,2.703000,0.197000,1.142000,0.509000,0.413000,3.403000,-0.150000,-0.085000,-0.092000,-0.062000,0.063000
16.285,0.382000,0.408000,1.267000,2.703000,0.065000,1.142000,0.412000,0.413000,3.370000,-0.150000,0.065000,-0.123000,0.009000,0.031000
16.361,0.382000,0.578000,1.236000,2.805000,0.098000,1.207000,0.423000,0.445000,3.370000,-0.118000,-0.020000,-0.123000,-0.062000,0.000000
16.420,0.415000,0.476000,1.233000,2.703000,0.131000,1.109000,0.444000,0.413000,3.370000,0.065000,-0.020000,-0.031000,-0.031000,0.126000
16.495,0.480000,0.407000,1.301000,2.737000,0.065000,1.109000,0.444000,0.413000,3.370000,-0.097000,-0.053000,-0.123000,-0.062000,0.031000
16.542,0.415000,0.442000,1.233000,2.737000,0.065000,1.109000,0.412000,0.413000,3.470000,-0.065000,0.130000,-0.092000,0.040000,0.000000
16.611,0.382000,0.476000,1.267000,2.771000,0.197000,1.142000,0.412000,0.413000,3.437000,0.000000,0.098000,-0.092000,-0.062000,0.031000
16.648,0.448000,0.408000,1.267000,2.703000,0.065000,1.109000,0.423000,0.543000,3.370000,0.130000,0.163000,-0.031000,-0.062000,0.031000
16.709,0.448000,0.442000,1.267000,2.703000,0.098000,1.109000,0.509000,0.478000,3.370000,0.098000,0.163000,-0.092000,-0.031000,0.000000
16.781,0.382000,0.442000,1.233000,2.703000,0.065000,1.109000,0.575000,0.380000,3.470000,0.130000,0.260000,-0.061000,-0.031000,0.000000
16.893,0.382000,0.476000,1.400000,2.703000,0.065000,1.109000,0.477000,0.413000,3.370000,0.130000,0.195000,-0.061000,-0.062000,0.000000
16.924,0.415000,0.476000,1.233000,2.669000,0.065000,1.240000,0.423000,0.478000,3.370000,0.195000,0.195000,-0.092000,-0.062000,0.031000
16.954,0.448000,0.408000,1.233000,2.669000,0.098000,1.142000,0.444000,0.445000,3.403000,0.130000,0.228000,-0.123000,-0.031000,0.094000
17.013,0.382000,0.442000,1.233000,2.703000,0.222000,1.109000,0.509000,0.445000,3.437000,0.130000,0.260000,-0.092000,-0.062000,0.000000
17.062,0.415000,0.442000,1.233000,2.703000,0.098000,1.109000,0.444000,0.445000,3.370000,0.163000,0.228000,-0.092000,0.102000,0.031000
17.062,0.415000,0.442000,1.267000,2.805000,0.164000,1.240000,0.477000,0.478000,3.370000,0.195000,0.260000,-0.092000,-0.062000,0.031000
17.121,0.415000,0.408000,1.233000,2.737000,0.164000,1.142000,0.477000,0.413000,3.403000,0.163000,0.325000,0.031000,-0.031000,0.126000
17.181,0.415000,0.442000,1.332000,2.669000,0.098000,1.174000,0.477000,0.413000,3.403000,0.195000,0.293000,-0.092000,-0.062000,0.031000
17.253,0.415000,0.442000,1.301000,2.703000,0.098000,1.174000,0.444000,0.445000,3.370000,0.195000,0.423000,-0.092000,0.040000,0.031000
17.316,0.382000,0.544000,1.233000,2.771000,0.098000,1.174000,0.423000,0.445000,3.370000,0.195000,0.260000,-0.092000,-0.031000,0.031000
17.359,0.448000,0.442000,1.267000,2.703000,0.131000,1.142000,0.477000,0.413000,3.370000,0.358000,0.293000,0.000000,-0.031000,0.126000
17.420,0.480000,0.407000,1.267000,2.839000,0.131000,1.142000,0.477000,0.413000,3.370000,0.195000,0.293000,-0.061000,-0.031000,0.031000
17.478,0.415000,0.476000,1.267000,2.737000,0.065000,1.142000,0.444000,0.413000,3.503000,0.195000,0.423000,-0.092000,0.040000,0.031000
17.548,0.382000,0.476000,1.301000,2.737000,0.098000,1.174000,0.444000,0.445000,3.370000,0.228000,0.358000,-0.061000,-0.062000,0.063000
17.620,0.480000,0.476000,1.301000,2.703000,0.098000,1.142000,0.444000,0.543000,3.370000,0.326000,0.358000,-0.061000,-0.031000,0.063000
17.676,0.415000,0.442000,1.267000,2.703000,0.131000,1.142000,0.509000,0.445000,3.403000,0.261000,0.358000,-0.092000,-0.031000,0.031000
17.725,0.448000,0.544000,1.267000,2.737000,0.098000,1.142000,0.640000,0.445000,3.470000,0.261000,0.391000,-0.061000,0.000000,0.189000
17.806,0.448000,0.442000,1.267000,2.737000,0.420000,1.174000,0.444000,0.445000,3.403000,0.293000,0.358000,-0.061000,-0.062000,0.031000
17.855,0.513000,0.408000,1.267000,2.703000,0.098000,1.272000,0.444000,0.478000,3.403000,0.293000,0.325000,-0.092000,-0.062000,0.031000
17.906,0.415000,0.442000,1.301000,2.669000,0.131000,1.109000,0.444000,0.478000,3.437000,0.261000,0.358000,-0.092000,-0.031000,0.157000
18.024,0.448000,0.442000,1.233000,2.703000,0.189000,1.174000,0.509000,0.445000,3.403000,0.261000,0.358000,-0.092000,-0.031000,0.031000
18.104,0.415000,0.442000,1.267000,2.737000,0.131000,1.174000,0.477000,0.478000,3.403000,0.358000,0.325000,-0.092000,0.102000,0.000000
18.167,0.448000,0.408000,1.233000,2.771000,0.098000,1.207000,0.477000,0.445000,3.403000,0.261000,0.325000,-0.061000,-0.031000,0.031000
18.219,0.448000,0.817000,1.267000,2.737000,0.131000,1.142000,0.509000,0.413000,3.403000,0.261000,0.358000,0.031000,-0.031000,0.126000
18.271,0.415000,0.407000,1.335000,2.703000,0.098000,1.142000,0.509000,0.641000,3.403000,0.261000,0.358000,-0.092000,-0.062000,0.063000
18.348,0.415000,0.442000,1.267000,2.771000,0.098000,1.207000,0.444000,0.696000,3.370000,0.261000,0.488000,-0.092000,0.071000,0.063000
18.400,0.415000,0.476000,1.267000,2.737000,0.131000,1.207000,0.444000,0.445000,3.370000,0.261000,0.358000,-0.092000,-0.031000,0.031000
18.443,0.480000,0.442000,1.301000,2.703000,0.164000,1.109000,0.477000,0.445000,3.403000,0.391000,0.358000,0.000000,-0.031000,0.063000
18.504,0.480000,0.407000,1.267000,2.737000,0.098000,1.109000,0.477000,0.445000,3.437000,0.261000,0.358000,-0.061000,-0.031000,0.031000
18.586,0.448000,0.476000,1.267000,2.805000,0.098000,1.554000,0.477000,0.445000,3.536000,0.261000,0.456000,-0.061000,0.040000,0.031000
18.634,0.382000,0.408000,1.267000,2.703000,0.098000,1.142000,0.444000,0.445000,3.370000,0.261000,0.358000,-0.061000,-0.062000,0.063000
18.715,0.480000,0.408000,1.301000,2.703000,0.131000,1.109000,0.423000,0.511000,3.370000,0.326000,0.358000,-0.061000,-0.031000,0.063000
18.745,0.415000,0.442000,1.233000,2.669000,0.131000,1.109000,0.444000,0.696000,3.403000,0.261000,0.358000,-0.092000,-0.031000,0.000000
18.821,0.415000,0.510000,1.236000,3.041000,0.098000,1.109000,0.575000,0.413000,3.470000,0.261000,0.391000,-0.092000,0.000000,0.031000
18.880,0.415000,0.408000,1.233000,2.703000,0.098000,1.174000,0.412000,0.478000,3.403000,0.293000,0.325000,-0.061000,-0.062000,0.063000
18.920,0.480000,0.408000,1.301000,2.703000,0.098000,1.240000,0.444000,0.445000,3.403000,0.261000,0.358000,-0.092000,-0.062000,0.063000
18.984,0.382000,0.408000,1.267000,2.703000,0.131000,1.109000,0.477000,0.445000,3.437000,0.261000,0.391000,-0.092000,-0.062000,0.126000
18.984,0.415000,0.407000,1.199000,2.703000,0.189000,1.142000,0.509000,0.413000,3.403000,0.261000,0.391000,-0.092000,-0.031000,0.031000
19.068,0.382000,0.442000,1.199000,2.703000,0.098000,1.174000,0.444000,0.511000,3.370000,0.261000,0.325000,-0.092000,0.071000,0.031000
19.119,0.415000,0.442000,1.267000,2.771000,0.098000,1.142000,0.477000,0.380000,3.403000,0.261000,0.358000,-0.092000,-0.062000,0.031000
19.168,0.415000,0.408000,1.301000,2.669000,0.131000,1.142000,0.509000,0.445000,3.403000,0.228000,0.325000,0.031000,-0.031000,0.126000
19.225,0.382000,0.374000,1.270000,2.669000,0.065000,1.207000,0.444000,0.445000,3.370000,0.228000,0.358000,-0.123000,-0.031000,0.031000
19.300,0.415000,0.476000,1.199000,2.737000,0.098000,1.240000,0.444000,0.413000,3.370000,0.228000,0.488000,-0.123000,0.040000,0.000000
19.352,0.415000,0.510000,1.233000,2.703000,0.131000,1.109000,0.444000,0.413000,3.370000,0.293000,0.325000,-0.061000,0.000000,0.063000
19.396,0.480000,0.407000,1.267000,2.703000,0.197000,1.142000,0.444000,0.413000,3.370000,0.358000,0.325000,-0.031000,-0.031000,0.063000
19.484,0.480000,0.374000,1.267000,2.771000,0.098000,1.142000,0.444000,0.445000,3.437000,0.228000,0.358000,-0.061000,0.000000,0.000000
19.540,0.382000,0.476000,1.267000,2.805000,0.098000,1.142000,0.444000,0.445000,3.503000,0.228000,0.391000,-0.092000,0.000000,0.220000
19.594,0.415000,0.374000,1.267000,2.703000,0.131000,1.109000,0.444000,0.478000,3.370000,0.261000,0.358000,-0.031000,-0.031000,0.063000
19.646,0.513000,0.408000,1.332000,2.703000,0.131000,1.142000,0.444000,0.511000,3.370000,0.326000,0.358000,-0.092000,-0.031000,0.063000
19.724,0.415000,0.408000,1.267000,3.009000,0.098000,1.109000,0.509000,0.445000,3.437000,0.347000,0.488000,-0.123000,-0.031000,0.031000
19.773,0.448000,0.510000,1.267000,2.737000,0.065000,1.142000,0.509000,0.413000,3.470000,0.347000,0.423000,-0.092000,-0.062000,0.000000
19.829,0.415000,0.374000,1.267000,2.669000,0.098000,1.174000,0.412000,0.445000,3.403000,0.445000,0.477000,-0.092000,-0.031000,0.031000
19.945,0.480000,0.374000,1.267000,2.669000,0.098000,1.207000,0.412000,0.413000,3.403000,0.477000,0.510000,-0.092000,-0.062000,0.063000
20.030,0.415000,0.374000,1.236000,2.703000,0.164000,1.109000,0.509000,0.413000,3.437000,0.412000,0.542000,-0.123000,0.000000,0.126000
20.080,0.382000,0.408000,1.233000,2.703000,0.131000,1.109000,0.444000,0.543000,3.370000,0.445000,0.510000,-0.092000,0.000000,0.000000
20.136,0.415000,0.408000,1.233000,2.771000,0.065000,1.207000,0.444000,0.511000,3.370000,0.445000,0.521000,-0.092000,0.071000,0.000000
20.188,0.382000,0.374000,1.233000,2.737000,0.098000,1.142000,0.444000,0.413000,3.696000,0.445000,0.521000,-0.061000,-0.062000,0.031000
20.246,0.415000,0.374000,1.301000,2.703000,0.197000,1.174000,0.509000,0.445000,3.403000,0.445000,0.542000,0.031000,-0.031000,0.094000
20.303,0.415000,0.374000,1.301000,2.703000,0.131000,1.142000,0.412000,0.413000,3.370000,0.445000,0.575000,-0.092000,-0.031000,0.063000
20.389,0.415000,0.476000,1.233000,2.771000,0.131000,1.207000,0.412000,0.445000,3.370000,0.445000,0.673000,-0.092000,0.040000,0.031000
20.431,0.415000,0.476000,1.233000,2.737000,0.131000,1.142000,0.477000,0.413000,3.370000,0.510000,0.542000,-0.061000,0.000000,0.094000
20.491,0.513000,0.374000,1.301000,2.703000,0.197000,1.109000,0.477000,0.413000,3.370000,0.575000,0.542000,-0.061000,-0.031000,0.031000
20.547,0.415000,0.374000,1.233000,2.737000,0.098000,1.142000,0.444000,0.478000,3.437000,0.445000,0.607000,-0.061000,0.040000,0.031000
20.630,0.382000,0.476000,1.267000,2.771000,0.098000,1.522000,0.477000,0.413000,3.470000,0.445000,0.607000,-0.123000,-0.062000,0.063000
20.672,0.382000,0.374000,1.467000,2.737000,0.098000,1.109000,0.423000,0.478000,3.370000,0.510000,0.575000,-0.031000,-0.062000,0.063000
20.747,0.513000,0.408000,1.301000,2.703000,0.131000,1.109000,0.444000,0.478000,3.370000,0.510000,0.542000,-0.123000,-0.031000,0.000000
20.800,0.415000,0.408000,1.233000,2.703000,0.098000,1.109000,0.509000,0.794000,3.437000,0.477000,0.640000,-0.092000,-0.031000,0.031000
20.861,0.382000,0.476000,1.267000,2.703000,0.098000,1.142000,0.542000,0.413000,3.403000,0.445000,0.542000,-0.061000,-0.062000,0.000000
20.908,0.415000,0.374000,1.233000,2.669000,0.098000,1.240000,0.444000,0.543000,3.403000,0.543000,0.542000,-0.061000,-0.062000,0.031000
20.908,0.480000,0.374000,1.267000,2.669000,0.098000,1.240000,0.444000,0.413000,3.370000,0.445000,0.575000,-0.123000,0.226000,0.063000
20.972,0.415000,0.374000,1.233000,2.669000,0.164000,1.109000,0.509000,0.445000,3.470000,0.477000,0.575000,-0.092000,-0.031000,0.000000
21.025,0.382000,0.646000,1.236000,2.669000,0.098000,1.142000,0.444000,0.413000,3.437000,0.477000,0.542000,-0.092000,0.000000,0.031000
21.109,0.382000,0.374000,1.233000,2.771000,0.197000,1.240000,0.477000,0.511000,3.370000,0.477000,0.542000,-0.092000,-0.062000,0.031000
21.178,0.415000,0.408000,1.233000,2.737000,0.098000,1.142000,0.444000,0.413000,3.696000,0.477000,0.575000,-0.061000,-0.062000,0.031000
21.207,0.382000,0.408000,1.332000,2.703000,0.197000,1.174000,0.542000,0.445000,3.403000,0.477000,0.575000,-0.092000,-0.031000,0.126000
21.269,0.382000,0.374000,1.267000,2.703000,0.098000,1.142000,0.444000,0.445000,3.370000,0.793000,0.607000,-0.092000,0.000000,0.031000
21.339,0.513000,0.544000,1.335000,2.771000,0.131000,1.240000,0.412000,0.445000,3.370000,0.477000,0.575000,-0.092000,0.009000,0.000000
21.389,0.415000,0.442000,1.233000,2.703000,0.098000,1.142000,0.444000,0.445000,3.403000,0.543000,0.575000,-0.061000,-0.031000,0.094000
21.446,0.513000,0.374000,1.332000,2.737000,0.222000,1.142000,0.477000,0.413000,3.403000,0.445000,0.575000,0.000000,-0.062000,0.094000
21.506,0.382000,0.374000,1.267000,2.703000,0.131000,1.174000,0.444000,0.413000,3.470000,0.445000,0.640000,-0.061000,0.040000,0.031000
21.589,0.382000,0.510000,1.301000,2.771000,0.098000,1.174000,0.444000,0.445000,3.370000,0.477000,0.575000,-0.092000,-0.062000,0.063000
21.643,0.415000,0.442000,1.267000,2.703000,0.131000,1.142000,0.444000,0.511000,3.536000,0.543000,0.575000,0.000000,-0.031000,0.157000
21.695,0.513000,0.476000,1.332000,2.703000,0.131000,1.142000,0.672000,0.413000,3.403000,0.543000,0.575000,-0.061000,0.000000,0.063000
21.752,0.415000,0.408000,1.267000,2.737000,0.098000,1.489000,0.542000,0.413000,3.470000,0.477000,0.673000,-0.092000,0.040000,0.031000
21.876,0.415000,0.476000,1.267000,2.737000,0.098000,1.142000,0.477000,0.445000,3.437000,0.477000,0.575000,-0.061000,0.000000,0.031000
21.925,0.448000,0.408000,1.538000,2.703000,0.098000,1.272000,0.444000,0.511000,3.403000,0.608000,0.575000,0.031000,-0.062000,0.063000
21.991,0.480000,0.476000,1.335000,2.703000,0.131000,1.142000,0.444000,0.478000,3.403000,0.510000,0.607000,-0.092000,0.000000,0.094000
22.049,0.415000,0.442000,1.233000,3.009000,0.197000,1.142000,0.542000,0.478000,3.503000,0.510000,0.607000,-0.092000,0.000000,0.000000
22.129,0.415000,0.476000,1.267000,2.703000,0.098000,1.109000,0.477000,0.413000,3.403000,0.510000,0.575000,-0.092000,0.000000,0.031000
22.179,0.415000,0.408000,1.538000,2.805000,0.098000,1.272000,0.444000,0.511000,3.403000,0.510000,0.542000,-0.092000,-0.062000,0.031000
22.243,0.415000,0.544000,1.267000,2.703000,0.098000,1.174000,0.444000,0.380000,3.437000,0.477000,0.575000,-0.031000,-0.062000,0.063000
22.312,0.415000,0.407000,1.332000,2.703000,0.197000,1.174000,0.542000,0.445000,3.403000,0.477000,0.575000,-0.092000,-0.031000,0.094000
22.359,0.415000,0.408000,1.267000,2.703000,0.131000,1.174000,0.444000,0.413000,3.403000,0.477000,0.640000,-0.092000,0.040000,0.063000
22.415,0.415000,0.544000,1.402000,2.805000,0.164000,1.272000,0.444000,0.445000,3.370000,0.477000,0.575000,-0.092000,0.000000,0.031000
22.480,0.415000,0.510000,1.267000,2.737000,0.098000,1.142000,0.477000,0.413000,3.370000,0.543000,0.575000,-0.031000,-0.031000,0.126000
22.529,0.513000,0.407000,1.332000,2.737000,0.164000,1.142000,0.477000,0.413000,3.403000,0.477000,0.575000,0.000000,-0.031000,0.031000
22.589,0.415000,0.408000,1.267000,2.737000,0.098000,1.174000,0.477000,0.413000,3.470000,0.477000,0.673000,-0.061000,0.040000,0.063000
22.672,0.415000,0.476000,1.301000,2.805000,0.131000,1.174000,0.444000,0.445000,3.403000,0.477000,0.607000,-0.092000,0.000000,0.063000
22.747,0.448000,0.442000,1.267000,2.703000,0.131000,1.142000,0.444000,0.478000,3.403000,0.575000,0.607000,0.031000,-0.031000,0.126000
22.774,0.513000,0.442000,1.366000,2.703000,0.131000,1.142000,0.477000,0.413000,3.403000,0.510000,0.542000,-0.092000,0.000000,0.031000
22.833,0.415000,0.408000,1.267000,2.737000,0.098000,1.142000,0.542000,0.413000,3.470000,0.510000,0.673000,-0.092000,0.040000,0.000000
22.833,0.415000,0.510000,1.267000,2.737000,0.098000,1.142000,0.444000,0.413000,3.403000,0.445000,0.575000,-0.061000,-0.062000,0.031000
22.897,0.415000,0.408000,1.571000,2.703000,0.098000,1.272000,0.444000,0.543000,3.403000,0.575000,0.575000,0.031000,-0.062000,0.063000
22.956,0.448000,0.408000,1.335000,2.703000,0.131000,1.142000,0.444000,0.445000,3.370000,0.477000,0.607000,-0.092000,-0.062000,0.063000
23.029,0.415000,0.408000,1.267000,2.669000,0.222000,1.142000,0.542000,0.445000,3.503000,0.477000,0.673000,-0.092000,-0.031000,0.000000
23.084,0.415000,0.442000,1.233000,2.703000,0.098000,1.109000,0.477000,0.445000,3.403000,0.510000,0.575000,-0.092000,0.009000,0.031000
23.144,0.415000,0.408000,1.267000,2.805000,0.098000,1.240000,0.509000,0.478000,3.403000,0.575000,0.542000,-0.061000,-0.062000,0.031000
23.194,0.415000,0.374000,1.267000,2.669000,0.098000,1.142000,0.444000,0.413000,3.403000,0.445000,0.575000,0.000000,-0.031000,0.094000
23.263,0.382000,0.374000,1.366000,2.669000,0.197000,1.142000,0.509000,0.445000,3.437000,0.445000,0.575000,0.031000,-0.031000,0.063000
23.309,0.382000,0.408000,1.433000,2.669000,0.131000,1.142000,0.477000,0.478000,3.370000,0.477000,0.673000,-0.092000,0.040000,0.031000
23.385,0.382000,0.510000,1.267000,2.737000,0.098000,1.240000,0.444000,0.478000,3.403000,0.477000,0.575000,-0.092000,0.000000,0.031000
23.465,0.415000,0.374000,1.267000,2.703000,0.098000,1.109000,0.477000,0.413000,3.536000,0.575000,0.542000,0.000000,-0.062000,0.126000
23.515,0.513000,0.374000,1.332000,2.669000,0.131000,1.142000,0.542000,0.445000,3.403000,0.477000,0.575000,-0.061000,-0.062000,0.000000
23.565,0.415000,0.408000,1.301000,2.669000,0.098000,1.554000,0.444000,0.445000,3.470000,0.477000,0.673000,-0.061000,0.030000,0.063000
23.615,0.415000,0.476000,1.267000,2.737000,0.164000,1.174000,0.444000,0.445000,3.503000,0.477000,0.607000,-0.092000,-0.062000,0.031000
23.671,0.415000,0.408000,1.301000,2.669000,0.098000,1.142000,0.423000,0.511000,3.370000,0.543000,0.575000,0.000000,-0.031000,0.126000
23.796,0.480000,0.408000,1.301000,2.737000,0.131000,1.142000,0.477000,0.445000,3.370000,0.510000,0.575000,-0.092000,0.000000,0.031000
23.872,0.415000,0.408000,1.267000,2.669000,0.098000,1.142000,0.575000,0.445000,3.470000,0.510000,0.673000,-0.061000,0.040000,0.031000
23.914,0.415000,0.442000,1.267000,2.703000,0.098000,1.142000,0.444000,0.413000,3.370000,0.445000,0.575000,0.290000,-0.062000,0.031000
23.997,0.415000,0.374000,1.571000,2.669000,0.098000,1.305000,0.444000,0.543000,3.403000,0.575000,0.607000,0.000000,-0.062000,0.063000
24.047,0.448000,0.408000,1.301000,2.669000,0.098000,1.142000,0.444000,0.478000,3.337000,0.477000,0.607000,-0.092000,0.000000,0.094000
24.102,0.415000,0.783000,1.301000,2.669000,0.222000,1.142000,0.542000,0.445000,3.437000,0.510000,0.640000,-0.092000,0.000000,0.031000
24.150,0.546000,0.408000,1.233000,2.669000,0.098000,1.109000,0.477000,0.413000,3.337000,0.477000,0.542000,-0.092000,0.040000,0.031000
24.238,0.382000,0.408000,1.267000,2.771000,0.065000,1.240000,0.444000,0.511000,3.370000,0.543000,0.542000,-0.061000,-0.062000,0.031000
24.276,0.415000,0.374000,1.267000,2.636000,0.131000,1.174000,0.444000,0.445000,3.370000,0.477000,0.575000,0.000000,-0.031000,0.094000
24.335,0.382000,0.374000,1.332000,2.636000,0.197000,1.142000,0.509000,0.413000,3.403000,0.510000,0.607000,-0.092000,-0.062000,0.063000
24.404,0.611000,0.408000,1.236000,2.636000,0.131000,1.142000,0.423000,0.445000,3.337000,0.445000,0.640000,-0.092000,0.040000,0.031000
24.463,0.382000,0.510000,1.233000,2.737000,0.131000,1.207000,0.444000,0.445000,3.304000,0.477000,0.542000,-0.092000,0.000000,0.031000
24.522,0.415000,0.374000,1.267000,2.737000,0.131000,1.142000,0.477000,0.413000,3.370000,0.575000,0.542000,0.031000,-0.031000,0.126000
24.660,0.513000,0.407000,1.332000,2.703000,0.131000,1.142000,0.509000,0.413000,3.337000,0.445000,0.575000,-0.061000,-0.062000,0.063000
24.686,0.382000,0.408000,1.267000,2.703000,0.131000,1.142000,0.444000,0.413000,3.437000,0.477000,0.673000,-0.123000,0.040000,0.031000
24.715,0.349000,0.510000,1.267000,2.737000,0.131000,1.174000,0.423000,0.445000,3.337000,0.445000,0.575000,-0.092000,-0.062000,0.063000
24.753,0.415000,0.408000,1.301000,2.669000,0.098000,1.109000,0.444000,0.543000,3.337000,0.575000,0.542000,0.000000,-0.031000,0.126000
24.753,0.448000,0.408000,1.304000,2.669000,0.065000,1.109000,0.477000,0.445000,3.337000,0.477000,0.575000,-0.092000,-0.031000,0.031000
24.814,0.415000,0.408000,1.233000,2.703000,0.098000,1.142000,0.575000,0.860000,3.470000,0.477000,0.673000,-0.061000,0.040000,0.031000
24.875,0.415000,0.442000,1.267000,2.703000,0.098000,1.142000,0.444000,0.445000,3.403000,0.477000,0.575000,-0.061000,-0.031000,0.031000
24.935,0.415000,0.374000,1.538000,2.669000,0.098000,1.272000,0.477000,0.543000,3.370000,0.575000,0.575000,0.000000,-0.031000,0.063000
25.016,0.382000,0.408000,1.335000,2.669000,0.131000,1.109000,0.477000,0.445000,3.337000,0.477000,0.607000,-0.092000,-0.062000,0.126000
25.072,0.382000,0.408000,1.267000,2.669000,0.222000,1.109000,0.575000,0.445000,3.437000,0.510000,0.673000,-0.092000,0.030000,0.031000
25.110,0.415000,0.408000,1.301000,2.703000,0.098000,1.142000,0.509000,0.413000,3.370000,0.510000,0.575000,-0.092000,0.071000,0.031000
25.173,0.415000,0.374000,1.301000,2.771000,0.098000,1.240000,0.477000,0.478000,3.370000,0.510000,0.575000,-0.061000,-0.062000,0.031000
25.256,0.415000,0.646000,1.267000,2.669000,0.098000,1.174000,0.477000,0.445000,3.370000,0.477000,0.607000,0.031000,-0.062000,0.126000
25.315,0.415000,0.749000,1.402000,2.669000,0.197000,1.174000,0.542000,0.445000,3.437000,0.477000,0.607000,-0.092000,-0.062000,0.063000
25.361,0.382000,0.374000,1.233000,2.669000,0.131000,1.174000,0.444000,0.827000,3.337000,0.477000,0.705000,-0.092000,0.102000,0.031000
25.412,0.415000,0.510000,1.267000,2.737000,0.131000,1.207000,0.444000,0.478000,3.337000,0.510000,0.575000,-0.092000,-0.031000,0.031000
25.493,0.415000,0.374000,1.267000,2.703000,0.131000,1.142000,0.477000,0.445000,3.337000,0.608000,0.575000,0.031000,-0.031000,0.126000
25.539,0.480000,0.442000,1.366000,2.703000,0.164000,1.142000,0.542000,0.445000,3.370000,0.477000,0.575000,-0.061000,-0.031000,0.031000
25.596,0.382000,0.408000,1.301000,2.703000,0.098000,1.174000,0.444000,0.445000,3.437000,0.477000,0.705000,-0.092000,0.071000,0.063000
25.752,0.382000,0.442000,1.301000,2.737000,0.098000,1.240000,0.444000,0.445000,3.337000,0.477000,0.607000,-0.092000,-0.062000,0.063000
25.789,0.448000,0.407000,1.301000,2.669000,0.098000,1.109000,0.444000,0.576000,3.337000,0.575000,0.575000,0.000000,-0.031000,0.094000
25.854,0.415000,0.408000,1.366000,2.669000,0.098000,1.370000,0.477000,0.413000,3.304000,0.510000,0.607000,-0.092000,-0.031000,0.031000
25.894,0.415000,0.442000,1.267000,2.703000,0.098000,1.142000,0.607000,0.445000,3.437000,0.477000,0.705000,-0.031000,0.040000,0.031000
25.964,0.415000,0.408000,1.267000,2.703000,0.098000,1.174000,0.444000,0.445000,3.370000,0.510000,0.575000,-0.061000,-0.062000,0.031000
26.027,0.448000,0.374000,1.267000,2.669000,0.098000,1.240000,0.444000,0.543000,3.304000,0.543000,0.575000,-0.031000,-0.062000,0.063000
26.086,0.415000,0.612000,1.267000,2.669000,0.098000,1.109000,0.444000,0.413000,3.337000,0.510000,0.607000,-0.092000,0.000000,0.031000
26.133,0.415000,0.408000,1.233000,2.669000,0.222000,1.109000,0.542000,0.478000,3.403000,0.510000,0.640000,-0.092000,-0.031000,0.031000
26.212,0.382000,0.374000,1.267000,2.703000,0.098000,1.142000,0.477000,0.478000,3.337000,0.510000,0.575000,-0.092000,-0.031000,0.031000
26.259,0.415000,0.374000,1.301000,2.805000,0.098000,1.240000,0.477000,0.478000,3.370000,0.477000,0.575000,-0.061000,-0.062000,0.031000
26.323,0.415000,0.442000,1.335000,2.669000,0.131000,1.174000,0.477000,0.413000,3.370000,0.477000,0.607000,-0.092000,-0.031000,0.157000
26.373,0.382000,0.374000,1.400000,2.669000,0.164000,1.142000,0.542000,0.478000,3.403000,0.477000,0.640000,-0.092000,-0.062000,0.063000
26.444,0.415000,0.408000,1.301000,2.669000,0.164000,1.174000,0.444000,0.478000,3.337000,0.510000,0.575000,-0.092000,0.071000,0.031000
26.493,0.415000,0.476000,1.301000,2.771000,0.098000,1.240000,0.477000,0.413000,3.337000,0.510000,0.575000,-0.092000,0.000000,0.031000
26.553,0.415000,0.442000,1.301000,2.703000,0.164000,1.142000,0.477000,0.445000,3.337000,0.477000,0.575000,0.031000,-0.062000,0.094000
26.636,0.448000,0.374000,1.335000,2.669000,0.065000,1.142000,0.444000,0.413000,3.370000,0.477000,0.575000,-0.061000,-0.031000,0.031000
26.692,0.382000,0.408000,1.332000,2.703000,0.098000,1.142000,0.444000,0.445000,3.304000,0.477000,0.705000,-0.092000,0.040000,0.063000
26.694,0.382000,0.442000,1.267000,2.703000,0.131000,1.109000,0.444000,0.478000,3.337000,0.477000,0.640000,-0.092000,-0.031000,0.063000
26.740,0.448000,0.408000,1.335000,2.669000,0.131000,1.109000,0.477000,0.543000,3.337000,0.608000,0.575000,-0.031000,0.000000,0.094000
26.818,0.415000,0.374000,1.301000,2.703000,0.098000,1.142000,0.477000,0.445000,3.337000,0.510000,0.607000,-0.092000,-0.031000,0.031000
26.868,0.415000,0.476000,1.332000,2.703000,0.098000,1.142000,0.575000,0.445000,3.437000,0.477000,0.607000,-0.061000,0.000000,0.031000
26.918,0.382000,0.340000,1.301000,2.669000,0.131000,1.174000,0.792000,0.445000,3.370000,0.510000,0.575000,-0.061000,-0.062000,0.031000
26.975,0.480000,0.374000,1.267000,2.669000,0.453000,1.272000,0.444000,0.543000,3.337000,0.510000,0.607000,-0.031000,-0.031000,0.063000
27.035,0.415000,0.408000,1.301000,2.669000,0.131000,1.142000,0.477000,0.445000,3.370000,0.477000,0.607000,-0.092000,0.000000,0.031000
27.111,0.382000,0.374000,1.267000,2.636000,0.189000,1.109000,0.542000,0.445000,3.370000,0.510000,0.575000,-0.092000,-0.031000,0.031000
27.168,0.415000,0.374000,1.267000,2.669000,0.098000,1.174000,0.477000,0.478000,3.304000,0.510000,0.575000,-0.092000,-0.031000,0.031000
27.225,0.382000,0.374000,1.267000,2.737000,0.065000,1.207000,0.412000,0.445000,3.337000,0.477000,0.575000,-0.061000,-0.031000,0.031000
27.291,0.382000,0.374000,1.332000,2.636000,0.131000,1.174000,0.509000,0.413000,3.370000,0.477000,0.607000,-0.092000,-0.062000,0.157000
27.343,0.382000,0.374000,1.368000,2.941000,0.131000,1.109000,0.477000,0.478000,3.370000,0.477000,0.607000,-0.092000,-0.031000,0.063000
27.386,0.382000,0.442000,1.267000,2.703000,0.131000,1.207000,0.444000,0.445000,3.337000,0.510000,0.542000,-0.092000,0.102000,0.031000
27.449,0.382000,0.476000,1.301000,2.703000,0.255000,1.174000,0.477000,0.478000,3.370000,0.543000,0.607000,-0.092000,0.009000,0.063000
27.538,0.448000,0.374000,1.301000,2.703000,0.164000,1.142000,0.477000,0.445000,3.337000,0.510000,0.607000,0.031000,-0.062000,0.094000
27.644,0.480000,0.374000,1.366000,2.669000,0.065000,1.174000,0.444000,0.445000,3.370000,0.477000,0.607000,-0.061000,-0.031000,0.031000
27.699,0.382000,0.442000,1.301000,2.737000,0.098000,1.142000,0.444000,0.445000,3.337000,0.510000,0.705000,-0.092000,0.040000,0.063000
27.754,0.382000,0.408000,1.267000,2.669000,0.131000,1.142000,0.477000,0.445000,3.337000,0.510000,0.640000,-0.061000,-0.031000,0.063000
27.814,0.480000,0.408000,1.332000,2.669000,0.321000,1.142000,0.477000,0.413000,3.337000,0.608000,0.575000,0.000000,0.000000,0.126000
27.890,0.382000,0.374000,1.335000,2.941000,0.065000,1.142000,0.477000,0.445000,3.337000,0.510000,0.607000,-0.061000,0.000000,0.031000
27.941,0.415000,0.476000,1.301000,2.669000,0.098000,1.142000,0.444000,0.445000,3.437000,0.477000,0.607000,-0.061000,0.000000,0.031000
28.001,0.382000,0.442000,1.301000,2.636000,0.098000,1.174000,0.444000,0.445000,3.337000,0.510000,0.575000,-0.031000,-0.031000,0.063000
28.055,0.480000,0.374000,1.301000,2.669000,0.098000,1.142000,0.444000,0.543000,3.337000,0.543000,0.607000,0.000000,-0.031000,0.063000
28.131,0.415000,0.408000,1.301000,2.669000,0.131000,1.142000,0.509000,0.445000,3.403000,0.510000,0.640000,-0.092000,-0.031000,0.031000
28.188,0.415000,0.408000,1.301000,2.669000,0.098000,1.142000,0.509000,0.445000,3.337000,0.510000,0.640000,-0.092000,0.000000,0.031000
28.281,0.382000,0.374000,1.267000,2.703000,0.098000,1.174000,0.477000,0.478000,3.337000,0.543000,0.575000,-0.092000,-0.031000,0.031000
28.294,0.415000,0.374000,1.267000,2.636000,0.098000,1.240000,0.640000,0.445000,3.370000,0.510000,0.575000,-0.061000,-0.062000,0.031000
28.376,0.349000,0.374000,1.301000,2.636000,0.131000,1.142000,0.509000,0.413000,3.337000,0.477000,0.607000,-0.092000,-0.031000,0.157000
28.421,0.382000,0.374000,1.332000,2.636000,0.098000,1.142000,0.477000,0.445000,3.304000,0.477000,0.607000,-0.092000,-0.031000,0.094000
28.473,0.382000,0.510000,1.233000,2.703000,0.131000,1.207000,0.444000,0.413000,3.304000,0.510000,0.575000,-0.092000,0.102000,0.031000
28.533,0.382000,0.476000,1.267000,2.703000,0.098000,1.174000,0.738000,0.445000,3.304000,0.510000,0.575000,-0.092000,0.000000,0.063000
28.613,0.448000,0.374000,1.301000,2.669000,0.197000,1.174000,0.477000,0.413000,3.304000,0.477000,0.575000,0.031000,0.000000,0.094000
28.613,0.415000,0.374000,1.335000,2.636000,0.098000,1.174000,0.444000,0.413000,3.337000,0.477000,0.607000,-0.061000,-0.031000,0.031000
28.670,0.382000,0.442000,1.267000,2.703000,0.098000,1.142000,0.444000,0.445000,3.304000,0.477000,0.705000,-0.092000,0.000000,0.063000
28.728,0.382000,0.442000,1.233000,2.669000,0.098000,1.142000,0.770000,0.478000,3.337000,0.510000,0.607000,-0.061000,-0.031000,0.094000
28.780,0.480000,0.408000,1.366000,2.636000,0.131000,1.109000,0.477000,0.413000,3.304000,0.608000,0.575000,0.000000,0.102000,0.063000
28.859,0.382000,0.374000,1.267000,2.669000,0.131000,1.142000,0.477000,0.445000,3.337000,0.510000,0.607000,-0.061000,0.040000,0.031000
28.899,0.382000,0.476000,1.301000,2.669000,0.065000,1.142000,0.444000,0.445000,3.437000,0.477000,0.607000,-0.061000,-0.031000,0.031000
28.962,0.415000,0.442000,1.301000,2.669000,0.098000,1.174000,0.444000,0.478000,3.337000,0.575000,0.607000,0.000000,0.000000,0.094000
29.085,0.480000,0.374000,1.332000,2.669000,0.098000,1.142000,0.444000,0.511000,3.304000,0.543000,0.803000,-0.031000,-0.031000,0.063000
29.114,0.382000,0.408000,1.233000,2.636000,0.131000,1.142000,0.542000,0.445000,3.403000,0.510000,0.673000,-0.092000,0.000000,0.031000
29.138,0.382000,0.442000,1.301000,2.669000,0.098000,1.142000,0.509000,0.445000,3.304000,0.510000,0.575000,-0.092000,0.000000,0.031000
29.203,0.382000,0.407000,1.267000,2.703000,0.098000,1.174000,0.444000,0.478000,3.337000,0.575000,0.607000,-0.061000,-0.062000,0.031000
29.264,0.382000,0.374000,1.267000,2.604000,0.098000,1.207000,0.412000,0.445000,3.337000,0.510000,0.836000,-0.061000,-0.031000,0.063000
29.322,0.382000,0.408000,1.332000,2.636000,0.197000,1.142000,0.509000,0.445000,3.403000,0.477000,0.575000,-0.092000,-0.062000,0.157000
29.467,0.382000,0.408000,1.267000,2.636000,0.098000,1.109000,0.477000,0.413000,3.304000,0.477000,0.607000,-0.092000,-0.031000,0.031000
29.472,0.382000,0.442000,1.267000,2.703000,0.098000,1.207000,0.444000,0.511000,3.304000,0.510000,0.607000,-0.092000,0.071000,0.031000
29.562,0.382000,0.408000,1.267000,2.703000,0.065000,1.142000,0.509000,0.413000,3.304000,0.510000,0.575000,-0.061000,0.000000,0.063000
29.630,0.448000,0.374000,1.332000,2.669000,0.197000,1.142000,0.542000,0.445000,3.696000,0.477000,0.673000,0.000000,-0.031000,0.126000
29.726,0.382000,0.374000,1.267000,2.636000,0.065000,1.142000,0.444000,0.445000,3.370000,0.477000,0.640000,-0.061000,0.009000,0.063000
29.757,0.382000,0.476000,1.335000,2.737000,0.098000,1.142000,0.444000,0.445000,3.304000,0.510000,0.640000,-0.092000,-0.031000,0.063000
29.831,0.415000,0.442000,1.301000,2.636000,0.453000,1.109000,0.705000,0.445000,3.304000,0.543000,0.607000,-0.031000,-0.031000,0.094000
29.861,0.480000,0.408000,1.366000,2.636000,0.098000,1.109000,0.477000,0.413000,3.304000,0.608000,0.607000,-0.123000,0.000000,0.063000
29.921,0.382000,0.374000,1.267000,2.669000,0.065000,1.109000,0.509000,0.445000,3.370000,0.543000,0.673000,-0.061000,0.071000,0.031000
30.004,0.415000,0.510000,1.301000,2.669000,0.065000,1.142000,0.444000,0.413000,3.370000,0.510000,0.575000,0.166000,-0.062000,0.031000
30.055,0.382000,0.374000,1.368000,2.636000,0.065000,1.207000,0.444000,0.478000,3.337000,0.575000,0.607000,0.000000,-0.062000,0.063000
30.125,0.480000,0.408000,1.301000,2.636000,0.098000,1.109000,0.444000,0.478000,3.304000,0.543000,0.607000,-0.092000,-0.031000,0.063000
30.179,0.415000,0.408000,1.301000,2.636000,0.197000,1.142000,0.542000,0.445000,3.437000,0.510000,0.705000,-0.092000,-0.031000,0.031000
30.234,0.382000,0.408000,1.267000,2.669000,0.065000,1.305000,0.542000,0.445000,3.304000,0.543000,0.607000,-0.092000,0.000000,0.283000
30.286,0.382000,0.408000,1.267000,2.737000,0.065000,1.240000,0.477000,0.543000,3.337000,0.575000,0.575000,-0.061000,-0.062000,0.031000
30.343,0.382000,0.374000,1.301000,2.604000,0.065000,1.142000,0.444000,0.413000,3.337000,0.510000,0.575000,-0.061000,-0.062000,0.094000
30.400,0.382000,0.374000,1.366000,2.636000,0.197000,1.142000,0.542000,0.445000,3.370000,0.477000,0.607000,-0.092000,-0.031000,0.094000
30.474,0.382000,0.408000,1.267000,2.737000,0.131000,1.142000,0.477000,0.445000,3.304000,0.477000,0.640000,-0.092000,0.000000,0.031000
30.520,0.382000,0.476000,1.436000,2.771000,0.131000,1.240000,0.444000,0.511000,3.271000,0.510000,0.575000,-0.092000,0.071000,0.031000
30.520,0.382000,0.374000,1.301000,2.669000,0.065000,1.109000,0.477000,0.413000,3.304000,0.543000,0.575000,-0.031000,-0.031000,0.094000
30.599,0.513000,0.374000,1.366000,2.636000,0.197000,1.142000,0.542000,0.413000,3.304000,0.477000,0.575000,-0.031000,-0.031000,0.063000
30.652,0.382000,0.407000,1.301000,2.636000,0.065000,1.142000,0.444000,0.445000,3.337000,0.477000,0.673000,-0.092000,0.040000,0.063000
30.706,0.415000,0.476000,1.332000,2.737000,0.098000,1.207000,0.509000,0.478000,3.271000,0.510000,0.705000,-0.092000,0.009000,0.063000
30.760,0.382000,0.408000,1.267000,2.636000,0.098000,1.142000,0.477000,0.478000,3.271000,0.575000,0.607000,0.031000,-0.031000,0.126000
30.837,0.480000,0.408000,1.366000,2.703000,0.131000,1.142000,0.477000,0.445000,3.271000,0.510000,0.575000,-0.092000,0.000000,0.031000
30.878,0.415000,0.374000,1.301000,2.669000,0.098000,1.109000,0.542000,0.413000,3.370000,0.477000,0.705000,-0.031000,0.071000,0.031000
30.965,0.382000,0.442000,1.267000,2.669000,0.098000,1.142000,0.444000,0.413000,3.370000,0.477000,0.607000,-0.061000,-0.031000,0.031000
31.002,0.382000,0.408000,1.301000,2.636000,0.065000,1.240000,0.444000,0.543000,3.271000,0.575000,0.607000,0.000000,-0.031000,0.063000
31.085,0.448000,0.374000,1.332000,2.636000,0.098000,1.109000,0.444000,0.445000,3.278000,0.477000,0.640000,-0.061000,-0.031000,0.031000
31.118,0.382000,0.783000,1.301000,2.636000,0.197000,1.142000,0.542000,0.413000,3.370000,0.510000,0.705000,-0.092000,-0.031000,0.031000
